{"schemaVersion":"1.0","appDefinitionTemplate":{"id":"/providers/Microsoft.PowerApps/apps/","type":"Microsoft.PowerApps/apps","tags":{"primaryDeviceWidth":"640","primaryDeviceHeight":"1136","supportsPortrait":"true","supportsLandscape":"true","primaryFormFactor":"Phone","publisherVersion":"3.22081.8","minimumRequiredApiVersion":"2.2.0","hasComponent":"false","hasUnlockedComponent":"false","isUnifiedRootApp":"false","sienaVersion":"20220810T110651Z-3.22081.8.0"},"properties":{"appVersion":"2022-08-10T11:06:51Z","lifeCycleId":"Published","createdByClientVersion":{"major":3,"minor":22081,"build":8,"revision":0,"majorRevision":0,"minorRevision":0},"minClientVersion":{"major":3,"minor":22081,"build":8,"revision":0,"majorRevision":0,"minorRevision":0},"backgroundColor":"RGBA(0,176,240,1)","backgroundImageUri":"/17559095689388014630/N02136696-3330-42d4-bd28-15e2b4bbbba3-logoSmallFile","displayName":"ショートカットキークイズ","description":"ショートカットキークイズアプリ！\nBy De'modori Gatsuo\n絵師：筒井神","commitMessage":"","appUris":{"documentUri":{"value":"/17559095689388014630/N9eb4188f-d05e-470a-8391-af12f774d899-document.msapp"},"imageUris":[],"additionalUris":[]},"createdTime":"0001-01-01T00:00:00Z","lastModifiedTime":"0001-01-01T00:00:00Z","sharedGroupsCount":0,"sharedUsersCount":0,"icons":{"smallIconUri":"/17559095689388014630/Nb59b45b7-d128-4486-878b-25d719094c35-small.png","mediumIconUri":"/17559095689388014630/N4c8cc02c-261a-45fd-b803-6a3ba5d2d995-medium.png","largeIconUri":"/17559095689388014630/N3d1a84b8-b238-4e9e-bd22-0ccab757c561-large.png","wideIconUri":"/17559095689388014630/N28d43574-405d-441c-b160-abea81d161b2-wide.png"},"connectionReferences":{},"databaseReferences":{},"almMode":"Environment","performanceOptimizationEnabled":true,"canConsumeAppPass":true,"executionRestrictions":{"isTeamsOnly":false,"dataLossPreventionEvaluationResult":{"status":"Compliant","lastEvaluationDate":"2022-08-06T15:26:38.3185023Z","violations":[],"violationsByPolicy":[],"violationErrorMessage":"このアプリでは、次のコネクタが使用されます: shared_excel, shared_onedriveforbusiness。"}}},"appType":"ClassicCanvasApp","appComponents":[]}}