{"schemaVersion":"1.0","appDefinitionTemplate":{"id":"/providers/Microsoft.PowerApps/apps/","type":"Microsoft.PowerApps/apps","tags":{"primaryDeviceWidth":"1366","primaryDeviceHeight":"768","supportsPortrait":"true","supportsLandscape":"true","primaryFormFactor":"Tablet","showStatusBar":"false","publisherVersion":"3.24012.8","minimumRequiredApiVersion":"2.2.0","hasComponent":"true","hasUnlockedComponent":"true","isUnifiedRootApp":"false","offlineLargeFilesSupport":"false","sienaVersion":"20240122T095541Z-3.24012.8.0"},"properties":{"appVersion":"2024-01-22T09:55:41Z","lifeCycleId":"Published","createdByClientVersion":{"major":3,"minor":24012,"build":8,"revision":0,"majorRevision":0,"minorRevision":0},"minClientVersion":{"major":3,"minor":24012,"build":8,"revision":0,"majorRevision":0,"minorRevision":0},"backgroundColor":"RGBA(0,176,240,1)","backgroundImageUri":"/9993815030249569891/N9c99b079-2f8d-4382-8bf5-691865d759ae-logoSmallFile","displayName":"コンポーネントの説明","description":"","commitMessage":"","appUris":{"documentUri":{"value":"/9993815030249569891/Nb2c33b03-2e87-4e3f-b054-81acb95abc57-document.msapp"},"imageUris":[],"additionalUris":[{"isSolutionAware":false,"value":"/9993815030249569891/N4807b0e9-e639-4f51-892e-eb08003386f7-identity.json"}]},"createdTime":"0001-01-01T00:00:00Z","lastModifiedTime":"0001-01-01T00:00:00Z","sharedGroupsCount":0,"sharedUsersCount":0,"connectionReferences":{},"databaseReferences":{},"almMode":"Environment","performanceOptimizationEnabled":true,"canConsumeAppPass":true,"enableModernRuntimeMode":false,"executionRestrictions":{"isTeamsOnly":false,"dataLossPreventionEvaluationResult":{"status":"Compliant","lastEvaluationDate":"2024-01-17T10:31:04.3209242Z","violations":[],"violationsByPolicy":[],"violationErrorMessage":"このアプリでは、次のコネクタが使用されます: 。"}}},"appType":"ClassicCanvasApp","appComponents":[]}}