{"schemaVersion":"1.0","appDefinitionTemplate":{"id":"/providers/Microsoft.PowerApps/apps/","type":"Microsoft.PowerApps/apps","tags":{"primaryDeviceWidth":"1366","primaryDeviceHeight":"768","supportsPortrait":"true","supportsLandscape":"true","primaryFormFactor":"Tablet","showStatusBar":"false","publisherVersion":"3.24012.8","minimumRequiredApiVersion":"2.2.0","hasComponent":"true","hasUnlockedComponent":"true","isUnifiedRootApp":"false","offlineLargeFilesSupport":"false","sienaVersion":"20240121T063030Z-3.24012.8.0"},"properties":{"appVersion":"2024-01-21T06:30:30Z","lifeCycleId":"Published","createdByClientVersion":{"major":3,"minor":24012,"build":8,"revision":0,"majorRevision":0,"minorRevision":0},"minClientVersion":{"major":3,"minor":24012,"build":8,"revision":0,"majorRevision":0,"minorRevision":0},"backgroundColor":"RGBA(0,176,240,1)","backgroundImageUri":"/9993815030249569891/N4ff0e91a-c2de-4709-9000-75d65696f6ee-logoSmallFile","displayName":"コンポーネントの説明","description":"","commitMessage":"","appUris":{"documentUri":{"value":"/9993815030249569891/N4d17b05b-9e62-4699-8774-83aeff73ca1c-document.msapp"},"imageUris":[],"additionalUris":[{"isSolutionAware":false,"value":"/9993815030249569891/N4df8dd8f-9800-45e7-bc35-e00fd003e340-identity.json"}]},"createdTime":"0001-01-01T00:00:00Z","lastModifiedTime":"0001-01-01T00:00:00Z","sharedGroupsCount":0,"sharedUsersCount":0,"connectionReferences":{},"databaseReferences":{},"almMode":"Environment","performanceOptimizationEnabled":true,"canConsumeAppPass":true,"enableModernRuntimeMode":false,"executionRestrictions":{"isTeamsOnly":false,"dataLossPreventionEvaluationResult":{"status":"Compliant","lastEvaluationDate":"2024-01-17T10:31:04.3209242Z","violations":[],"violationsByPolicy":[],"violationErrorMessage":"このアプリでは、次のコネクタが使用されます: 。"}}},"appType":"ClassicCanvasApp","appComponents":[]}}